{
  "50": {
    "k2_time": 0.0015060901641845703,
    "k2_matches": 2,
    "k3_time": 0.002000570297241211,
    "k3_matches": 10,
    "k4_time": 0.013999223709106445,
    "k4_matches": 0,
    "k3_vs_k2": 1.3283204052556594,
    "k4_vs_k2": 9.295076776951085
  },
  "100": {
    "k2_time": 0.004998445510864258,
    "k2_matches": 1,
    "k3_time": 0.006004810333251953,
    "k3_matches": 17,
    "k4_time": 0.0044977664947509766,
    "k4_matches": 0,
    "k3_vs_k2": 1.2013355592654424,
    "k4_vs_k2": 0.8998330550918197
  },
  "150": {
    "k2_time": 0.011999845504760742,
    "k2_matches": 0,
    "k3_time": 0.010500907897949219,
    "k3_matches": 29,
    "k4_time": 0.0,
    "k4_matches": 0,
    "k3_vs_k2": 0.8750869245594166,
    "k4_vs_k2": 0.0
  }
}